BILL_CUSTOMER_SID,recency,frequency,monetary,rolling_freq,rolling_monetary,freq_trend,monetary_trend,cluster
2004.0,45,59,28745.75,18.333333333333332,8520.046666666667,-0.9807692307692307,-1.010513217456056,1
33001.0,69,190,91219.42,95.0,45609.71,-0.972972972972973,-1.0,1
40232.0,104,7,-3271.0699999999997,3.5,-1635.5349999999999,-0.8333333333333334,-3.891962080593199,1
